MSD	UPOS	Features	UD FEAT
Nc-pnn	NOUN	Type=common|Number=plural|Case=nominative|Definiteness=no	Number=Plur|Case=Nom|Definite=Ind
Nc-pny	NOUN	Type=common|Number=plural|Case=nominative|Definiteness=yes	Number=Plur|Case=Nom|Definite=Def
Ncmsnn	NOUN	Type=common|Gender=masculine|Number=singular|Case=nominative|Definiteness=no	Gender=Masc|Number=Sing|Case=Nom|Definite=Ind
Ncmsny	NOUN	Type=common|Gender=masculine|Number=singular|Case=nominative|Definiteness=yes	Gender=Masc|Number=Sing|Case=Nom|Definite=Def
Ncmsnp	NOUN	Type=common|Gender=masculine|Number=singular|Case=nominative|Definiteness=proximal	Gender=Masc|Number=Sing|Case=Nom
Ncmsvn	NOUN	Type=common|Gender=masculine|Number=singular|Case=vocative|Definiteness=no	Gender=Masc|Number=Sing|Case=Voc|Definite=Ind
Ncmson	NOUN	Type=common|Gender=masculine|Number=singular|Case=oblique|Definiteness=no	Gender=Masc|Number=Sing|Case=Acc|Definite=Ind
Ncmpnn	NOUN	Type=common|Gender=masculine|Number=plural|Case=nominative|Definiteness=no	Gender=Masc|Number=Plur|Case=Nom|Definite=Ind
Ncmpny	NOUN	Type=common|Gender=masculine|Number=plural|Case=nominative|Definiteness=yes	Gender=Masc|Number=Plur|Case=Nom|Definite=Def
Ncmpnp	NOUN	Type=common|Gender=masculine|Number=plural|Case=nominative|Definiteness=proximal	Gender=Masc|Number=Plur|Case=Nom
Ncmtnn	NOUN	Type=common|Gender=masculine|Number=count|Case=nominative|Definiteness=no	Gender=Masc|Number=Count|Case=Nom|Definite=Ind
Ncfsnn	NOUN	Type=common|Gender=feminine|Number=singular|Case=nominative|Definiteness=no	Gender=Fem|Number=Sing|Case=Nom|Definite=Ind
Ncfsny	NOUN	Type=common|Gender=feminine|Number=singular|Case=nominative|Definiteness=yes	Gender=Fem|Number=Sing|Case=Nom|Definite=Def
Ncfsnp	NOUN	Type=common|Gender=feminine|Number=singular|Case=nominative|Definiteness=proximal	Gender=Fem|Number=Sing|Case=Nom
Ncfsvn	NOUN	Type=common|Gender=feminine|Number=singular|Case=vocative|Definiteness=no	Gender=Fem|Number=Sing|Case=Voc|Definite=Ind
Ncfpnn	NOUN	Type=common|Gender=feminine|Number=plural|Case=nominative|Definiteness=no	Gender=Fem|Number=Plur|Case=Nom|Definite=Ind
Ncfpny	NOUN	Type=common|Gender=feminine|Number=plural|Case=nominative|Definiteness=yes	Gender=Fem|Number=Plur|Case=Nom|Definite=Def
Ncftnn	NOUN	Type=common|Gender=feminine|Number=count|Case=nominative|Definiteness=no	Gender=Fem|Number=Count|Case=Nom|Definite=Ind
Ncnsnn	NOUN	Type=common|Gender=neuter|Number=singular|Case=nominative|Definiteness=no	Gender=Neut|Number=Sing|Case=Nom|Definite=Ind
Ncnsny	NOUN	Type=common|Gender=neuter|Number=singular|Case=nominative|Definiteness=yes	Gender=Neut|Number=Sing|Case=Nom|Definite=Def
Ncnsnp	NOUN	Type=common|Gender=neuter|Number=singular|Case=nominative|Definiteness=proximal	Gender=Neut|Number=Sing|Case=Nom
Ncnsnd	NOUN	Type=common|Gender=neuter|Number=singular|Case=nominative|Definiteness=distal	Gender=Neut|Number=Sing|Case=Nom
Ncnpnn	NOUN	Type=common|Gender=neuter|Number=plural|Case=nominative|Definiteness=no	Gender=Neut|Number=Plur|Case=Nom|Definite=Ind
Ncnpny	NOUN	Type=common|Gender=neuter|Number=plural|Case=nominative|Definiteness=yes	Gender=Neut|Number=Plur|Case=Nom|Definite=Def
Np-pnn	PROPN	Type=proper|Number=plural|Case=nominative|Definiteness=no	Number=Plur|Case=Nom|Definite=Ind
Npmsnn	PROPN	Type=proper|Gender=masculine|Number=singular|Case=nominative|Definiteness=no	Gender=Masc|Number=Sing|Case=Nom|Definite=Ind
Npmsny	PROPN	Type=proper|Gender=masculine|Number=singular|Case=nominative|Definiteness=yes	Gender=Masc|Number=Sing|Case=Nom|Definite=Def
Npmsvn	PROPN	Type=proper|Gender=masculine|Number=singular|Case=vocative|Definiteness=no	Gender=Masc|Number=Sing|Case=Voc|Definite=Ind
Npmpnn	PROPN	Type=proper|Gender=masculine|Number=plural|Case=nominative|Definiteness=no	Gender=Masc|Number=Plur|Case=Nom|Definite=Ind
Npmpny	PROPN	Type=proper|Gender=masculine|Number=plural|Case=nominative|Definiteness=yes	Gender=Masc|Number=Plur|Case=Nom|Definite=Def
Npfsnn	PROPN	Type=proper|Gender=feminine|Number=singular|Case=nominative|Definiteness=no	Gender=Fem|Number=Sing|Case=Nom|Definite=Ind
Npfpnn	PROPN	Type=proper|Gender=feminine|Number=plural|Case=nominative|Definiteness=no	Gender=Fem|Number=Plur|Case=Nom|Definite=Ind
Npnsnn	PROPN	Type=proper|Gender=neuter|Number=singular|Case=nominative|Definiteness=no	Gender=Neut|Number=Sing|Case=Nom|Definite=Ind
Npnsvn	PROPN	Type=proper|Gender=neuter|Number=singular|Case=vocative|Definiteness=no	Gender=Neut|Number=Sing|Case=Voc|Definite=Ind
Vmpip-s-n	VERB	Type=main|Aspect=progressive|VForm=indicative|Tense=present|Number=singular|Negative=no	Aspect=Prog|Mood=Ind|Tense=Pres|Number=Sing|Polarity=Pos
Vmpip1s-n	VERB	Type=main|Aspect=progressive|VForm=indicative|Tense=present|Person=first|Number=singular|Negative=no	Aspect=Prog|Mood=Ind|Tense=Pres|Person=1|Number=Sing|Polarity=Pos
Vmpip1p-n	VERB	Type=main|Aspect=progressive|VForm=indicative|Tense=present|Person=first|Number=plural|Negative=no	Aspect=Prog|Mood=Ind|Tense=Pres|Person=1|Number=Plur|Polarity=Pos
Vmpip2s-n	VERB	Type=main|Aspect=progressive|VForm=indicative|Tense=present|Person=second|Number=singular|Negative=no	Aspect=Prog|Mood=Ind|Tense=Pres|Person=2|Number=Sing|Polarity=Pos
Vmpip2p-n	VERB	Type=main|Aspect=progressive|VForm=indicative|Tense=present|Person=second|Number=plural|Negative=no	Aspect=Prog|Mood=Ind|Tense=Pres|Person=2|Number=Plur|Polarity=Pos
Vmpip3s-n	VERB	Type=main|Aspect=progressive|VForm=indicative|Tense=present|Person=third|Number=singular|Negative=no	Aspect=Prog|Mood=Ind|Tense=Pres|Person=3|Number=Sing|Polarity=Pos
Vmpip3p-n	VERB	Type=main|Aspect=progressive|VForm=indicative|Tense=present|Person=third|Number=plural|Negative=no	Aspect=Prog|Mood=Ind|Tense=Pres|Person=3|Number=Plur|Polarity=Pos
Vmpii-s-n	VERB	Type=main|Aspect=progressive|VForm=indicative|Tense=imperfect|Number=singular|Negative=no	Aspect=Prog|Mood=Ind|Tense=Imp|Number=Sing|Polarity=Pos
Vmpii-smn	VERB	Type=main|Aspect=progressive|VForm=indicative|Tense=imperfect|Number=singular|Gender=masculine|Negative=no	Aspect=Prog|Mood=Ind|Tense=Imp|Number=Sing|Gender=Masc|Polarity=Pos
Vmpii-sfn	VERB	Type=main|Aspect=progressive|VForm=indicative|Tense=imperfect|Number=singular|Gender=feminine|Negative=no	Aspect=Prog|Mood=Ind|Tense=Imp|Number=Sing|Gender=Fem|Polarity=Pos
Vmpii1s-n	VERB	Type=main|Aspect=progressive|VForm=indicative|Tense=imperfect|Person=first|Number=singular|Negative=no	Aspect=Prog|Mood=Ind|Tense=Imp|Person=1|Number=Sing|Polarity=Pos
Vmpii1p-n	VERB	Type=main|Aspect=progressive|VForm=indicative|Tense=imperfect|Person=first|Number=plural|Negative=no	Aspect=Prog|Mood=Ind|Tense=Imp|Person=1|Number=Plur|Polarity=Pos
Vmpii2p-n	VERB	Type=main|Aspect=progressive|VForm=indicative|Tense=imperfect|Person=second|Number=plural|Negative=no	Aspect=Prog|Mood=Ind|Tense=Imp|Person=2|Number=Plur|Polarity=Pos
Vmpii3p-n	VERB	Type=main|Aspect=progressive|VForm=indicative|Tense=imperfect|Person=third|Number=plural|Negative=no	Aspect=Prog|Mood=Ind|Tense=Imp|Person=3|Number=Plur|Polarity=Pos
Vmpic-smn	VERB	Type=main|Aspect=progressive|VForm=indicative|Tense=compound|Number=singular|Gender=masculine|Negative=no	Aspect=Prog|Mood=Ind|Number=Sing|Gender=Masc|Polarity=Pos
Vmpic-sfn	VERB	Type=main|Aspect=progressive|VForm=indicative|Tense=compound|Number=singular|Gender=feminine|Negative=no	Aspect=Prog|Mood=Ind|Number=Sing|Gender=Fem|Polarity=Pos
Vmpic-snn	VERB	Type=main|Aspect=progressive|VForm=indicative|Tense=compound|Number=singular|Gender=neuter|Negative=no	Aspect=Prog|Mood=Ind|Number=Sing|Gender=Neut|Polarity=Pos
Vmpic-p-n	VERB	Type=main|Aspect=progressive|VForm=indicative|Tense=compound|Number=plural|Negative=no	Aspect=Prog|Mood=Ind|Number=Plur|Polarity=Pos
Vmpmp2s-n	VERB	Type=main|Aspect=progressive|VForm=imperative|Tense=present|Person=second|Number=singular|Negative=no	Aspect=Prog|Mood=Imp|Tense=Pres|Person=2|Number=Sing|Polarity=Pos
Vmpmp2p-n	VERB	Type=main|Aspect=progressive|VForm=imperative|Tense=present|Person=second|Number=plural|Negative=no	Aspect=Prog|Mood=Imp|Tense=Pres|Person=2|Number=Plur|Polarity=Pos
Vmeip-s-n	VERB	Type=main|Aspect=perfective|VForm=indicative|Tense=present|Number=singular|Negative=no	Aspect=Perf|Mood=Ind|Tense=Pres|Number=Sing|Polarity=Pos
Vmeip-sfn	VERB	Type=main|Aspect=perfective|VForm=indicative|Tense=present|Number=singular|Gender=feminine|Negative=no	Aspect=Perf|Mood=Ind|Tense=Pres|Number=Sing|Gender=Fem|Polarity=Pos
Vmeip1s-n	VERB	Type=main|Aspect=perfective|VForm=indicative|Tense=present|Person=first|Number=singular|Negative=no	Aspect=Perf|Mood=Ind|Tense=Pres|Person=1|Number=Sing|Polarity=Pos
Vmeip1p-n	VERB	Type=main|Aspect=perfective|VForm=indicative|Tense=present|Person=first|Number=plural|Negative=no	Aspect=Perf|Mood=Ind|Tense=Pres|Person=1|Number=Plur|Polarity=Pos
Vmeip2s-n	VERB	Type=main|Aspect=perfective|VForm=indicative|Tense=present|Person=second|Number=singular|Negative=no	Aspect=Perf|Mood=Ind|Tense=Pres|Person=2|Number=Sing|Polarity=Pos
Vmeip2p-n	VERB	Type=main|Aspect=perfective|VForm=indicative|Tense=present|Person=second|Number=plural|Negative=no	Aspect=Perf|Mood=Ind|Tense=Pres|Person=2|Number=Plur|Polarity=Pos
Vmeip3s-n	VERB	Type=main|Aspect=perfective|VForm=indicative|Tense=present|Person=third|Number=singular|Negative=no	Aspect=Perf|Mood=Ind|Tense=Pres|Person=3|Number=Sing|Polarity=Pos
Vmeip3p-n	VERB	Type=main|Aspect=perfective|VForm=indicative|Tense=present|Person=third|Number=plural|Negative=no	Aspect=Perf|Mood=Ind|Tense=Pres|Person=3|Number=Plur|Polarity=Pos
Vmeia-s-n	VERB	Type=main|Aspect=perfective|VForm=indicative|Tense=aorist|Number=singular|Negative=no	Aspect=Perf|Mood=Ind|Tense=Past|Number=Sing|Polarity=Pos
Vmeia-smn	VERB	Type=main|Aspect=perfective|VForm=indicative|Tense=aorist|Number=singular|Gender=masculine|Negative=no	Aspect=Perf|Mood=Ind|Tense=Past|Number=Sing|Gender=Masc|Polarity=Pos
Vmeia-p-n	VERB	Type=main|Aspect=perfective|VForm=indicative|Tense=aorist|Number=plural|Negative=no	Aspect=Perf|Mood=Ind|Tense=Past|Number=Plur|Polarity=Pos
Vmeia1s-n	VERB	Type=main|Aspect=perfective|VForm=indicative|Tense=aorist|Person=first|Number=singular|Negative=no	Aspect=Perf|Mood=Ind|Tense=Past|Person=1|Number=Sing|Polarity=Pos
Vmeia1p-n	VERB	Type=main|Aspect=perfective|VForm=indicative|Tense=aorist|Person=first|Number=plural|Negative=no	Aspect=Perf|Mood=Ind|Tense=Past|Person=1|Number=Plur|Polarity=Pos
Vmeia2p-n	VERB	Type=main|Aspect=perfective|VForm=indicative|Tense=aorist|Person=second|Number=plural|Negative=no	Aspect=Perf|Mood=Ind|Tense=Past|Person=2|Number=Plur|Polarity=Pos
Vmeia3s-n	VERB	Type=main|Aspect=perfective|VForm=indicative|Tense=aorist|Person=third|Number=singular|Negative=no	Aspect=Perf|Mood=Ind|Tense=Past|Person=3|Number=Sing|Polarity=Pos
Vmeia3p-n	VERB	Type=main|Aspect=perfective|VForm=indicative|Tense=aorist|Person=third|Number=plural|Negative=no	Aspect=Perf|Mood=Ind|Tense=Past|Person=3|Number=Plur|Polarity=Pos
Vmeic-s-n	VERB	Type=main|Aspect=perfective|VForm=indicative|Tense=compound|Number=singular|Negative=no	Aspect=Perf|Mood=Ind|Number=Sing|Polarity=Pos
Vmeic-smn	VERB	Type=main|Aspect=perfective|VForm=indicative|Tense=compound|Number=singular|Gender=masculine|Negative=no	Aspect=Perf|Mood=Ind|Number=Sing|Gender=Masc|Polarity=Pos
Vmeic-sfn	VERB	Type=main|Aspect=perfective|VForm=indicative|Tense=compound|Number=singular|Gender=feminine|Negative=no	Aspect=Perf|Mood=Ind|Number=Sing|Gender=Fem|Polarity=Pos
Vmeic-snn	VERB	Type=main|Aspect=perfective|VForm=indicative|Tense=compound|Number=singular|Gender=neuter|Negative=no	Aspect=Perf|Mood=Ind|Number=Sing|Gender=Neut|Polarity=Pos
Vmeic-p-n	VERB	Type=main|Aspect=perfective|VForm=indicative|Tense=compound|Number=plural|Negative=no	Aspect=Perf|Mood=Ind|Number=Plur|Polarity=Pos
Vmeic-pnn	VERB	Type=main|Aspect=perfective|VForm=indicative|Tense=compound|Number=plural|Gender=neuter|Negative=no	Aspect=Perf|Mood=Ind|Number=Plur|Gender=Neut|Polarity=Pos
Vmeic3p-n	VERB	Type=main|Aspect=perfective|VForm=indicative|Tense=compound|Person=third|Number=plural|Negative=no	Aspect=Perf|Mood=Ind|Person=3|Number=Plur|Polarity=Pos
Vmemp2s-n	VERB	Type=main|Aspect=perfective|VForm=imperative|Tense=present|Person=second|Number=singular|Negative=no	Aspect=Perf|Mood=Imp|Tense=Pres|Person=2|Number=Sing|Polarity=Pos
Vmemp2p-n	VERB	Type=main|Aspect=perfective|VForm=imperative|Tense=present|Person=second|Number=plural|Negative=no	Aspect=Perf|Mood=Imp|Tense=Pres|Person=2|Number=Plur|Polarity=Pos
Vmemp3p-n	VERB	Type=main|Aspect=perfective|VForm=imperative|Tense=present|Person=third|Number=plural|Negative=no	Aspect=Perf|Mood=Imp|Tense=Pres|Person=3|Number=Plur|Polarity=Pos
Vmema-s-n	VERB	Type=main|Aspect=perfective|VForm=imperative|Tense=aorist|Number=singular|Negative=no	Aspect=Perf|Mood=Imp|Tense=Past|Number=Sing|Polarity=Pos
Vmema3p-n	VERB	Type=main|Aspect=perfective|VForm=imperative|Tense=aorist|Person=third|Number=plural|Negative=no	Aspect=Perf|Mood=Imp|Tense=Past|Person=3|Number=Plur|Polarity=Pos
Vmbip1s-n	VERB	Type=main|Aspect=biaspectual|VForm=indicative|Tense=present|Person=first|Number=singular|Negative=no	Mood=Ind|Tense=Pres|Person=1|Number=Sing|Polarity=Pos
Vmbip1p-n	VERB	Type=main|Aspect=biaspectual|VForm=indicative|Tense=present|Person=first|Number=plural|Negative=no	Mood=Ind|Tense=Pres|Person=1|Number=Plur|Polarity=Pos
Vmbip2s-n	VERB	Type=main|Aspect=biaspectual|VForm=indicative|Tense=present|Person=second|Number=singular|Negative=no	Mood=Ind|Tense=Pres|Person=2|Number=Sing|Polarity=Pos
Vmbip3s-n	VERB	Type=main|Aspect=biaspectual|VForm=indicative|Tense=present|Person=third|Number=singular|Negative=no	Mood=Ind|Tense=Pres|Person=3|Number=Sing|Polarity=Pos
Vmbip3p-n	VERB	Type=main|Aspect=biaspectual|VForm=indicative|Tense=present|Person=third|Number=plural|Negative=no	Mood=Ind|Tense=Pres|Person=3|Number=Plur|Polarity=Pos
Vmbii-s-n	VERB	Type=main|Aspect=biaspectual|VForm=indicative|Tense=imperfect|Number=singular|Negative=no	Mood=Ind|Tense=Imp|Number=Sing|Polarity=Pos
Vmbii1p-n	VERB	Type=main|Aspect=biaspectual|VForm=indicative|Tense=imperfect|Person=first|Number=plural|Negative=no	Mood=Ind|Tense=Imp|Person=1|Number=Plur|Polarity=Pos
Vmbii2p-n	VERB	Type=main|Aspect=biaspectual|VForm=indicative|Tense=imperfect|Person=second|Number=plural|Negative=no	Mood=Ind|Tense=Imp|Person=2|Number=Plur|Polarity=Pos
Vmbii3p-n	VERB	Type=main|Aspect=biaspectual|VForm=indicative|Tense=imperfect|Person=third|Number=plural|Negative=no	Mood=Ind|Tense=Imp|Person=3|Number=Plur|Polarity=Pos
Vmbia-s-n	VERB	Type=main|Aspect=biaspectual|VForm=indicative|Tense=aorist|Number=singular|Negative=no	Mood=Ind|Tense=Past|Number=Sing|Polarity=Pos
Vmbia1s-n	VERB	Type=main|Aspect=biaspectual|VForm=indicative|Tense=aorist|Person=first|Number=singular|Negative=no	Mood=Ind|Tense=Past|Person=1|Number=Sing|Polarity=Pos
Vmbic-smn	VERB	Type=main|Aspect=biaspectual|VForm=indicative|Tense=compound|Number=singular|Gender=masculine|Negative=no	Mood=Ind|Number=Sing|Gender=Masc|Polarity=Pos
Vmbic-sfn	VERB	Type=main|Aspect=biaspectual|VForm=indicative|Tense=compound|Number=singular|Gender=feminine|Negative=no	Mood=Ind|Number=Sing|Gender=Fem|Polarity=Pos
Vmbic-snn	VERB	Type=main|Aspect=biaspectual|VForm=indicative|Tense=compound|Number=singular|Gender=neuter|Negative=no	Mood=Ind|Number=Sing|Gender=Neut|Polarity=Pos
Vmbic-p-n	VERB	Type=main|Aspect=biaspectual|VForm=indicative|Tense=compound|Number=plural|Negative=no	Mood=Ind|Number=Plur|Polarity=Pos
Vapip-s-n	AUX	Type=auxiliary|Aspect=progressive|VForm=indicative|Tense=present|Number=singular|Negative=no	Aspect=Prog|Mood=Ind|Tense=Pres|Number=Sing|Polarity=Pos
Vapip1s-n	AUX	Type=auxiliary|Aspect=progressive|VForm=indicative|Tense=present|Person=first|Number=singular|Negative=no	Aspect=Prog|Mood=Ind|Tense=Pres|Person=1|Number=Sing|Polarity=Pos
Vapip1s-y	AUX	Type=auxiliary|Aspect=progressive|VForm=indicative|Tense=present|Person=first|Number=singular|Negative=yes	Aspect=Prog|Mood=Ind|Tense=Pres|Person=1|Number=Sing|Polarity=Neg
Vapip1p-n	AUX	Type=auxiliary|Aspect=progressive|VForm=indicative|Tense=present|Person=first|Number=plural|Negative=no	Aspect=Prog|Mood=Ind|Tense=Pres|Person=1|Number=Plur|Polarity=Pos
Vapip1p-y	AUX	Type=auxiliary|Aspect=progressive|VForm=indicative|Tense=present|Person=first|Number=plural|Negative=yes	Aspect=Prog|Mood=Ind|Tense=Pres|Person=1|Number=Plur|Polarity=Neg
Vapip2s-n	AUX	Type=auxiliary|Aspect=progressive|VForm=indicative|Tense=present|Person=second|Number=singular|Negative=no	Aspect=Prog|Mood=Ind|Tense=Pres|Person=2|Number=Sing|Polarity=Pos
Vapip2s-y	AUX	Type=auxiliary|Aspect=progressive|VForm=indicative|Tense=present|Person=second|Number=singular|Negative=yes	Aspect=Prog|Mood=Ind|Tense=Pres|Person=2|Number=Sing|Polarity=Neg
Vapip2p-n	AUX	Type=auxiliary|Aspect=progressive|VForm=indicative|Tense=present|Person=second|Number=plural|Negative=no	Aspect=Prog|Mood=Ind|Tense=Pres|Person=2|Number=Plur|Polarity=Pos
Vapip2p-y	AUX	Type=auxiliary|Aspect=progressive|VForm=indicative|Tense=present|Person=second|Number=plural|Negative=yes	Aspect=Prog|Mood=Ind|Tense=Pres|Person=2|Number=Plur|Polarity=Neg
Vapip3s-n	AUX	Type=auxiliary|Aspect=progressive|VForm=indicative|Tense=present|Person=third|Number=singular|Negative=no	Aspect=Prog|Mood=Ind|Tense=Pres|Person=3|Number=Sing|Polarity=Pos
Vapip3s-y	AUX	Type=auxiliary|Aspect=progressive|VForm=indicative|Tense=present|Person=third|Number=singular|Negative=yes	Aspect=Prog|Mood=Ind|Tense=Pres|Person=3|Number=Sing|Polarity=Neg
Vapip3p-n	AUX	Type=auxiliary|Aspect=progressive|VForm=indicative|Tense=present|Person=third|Number=plural|Negative=no	Aspect=Prog|Mood=Ind|Tense=Pres|Person=3|Number=Plur|Polarity=Pos
Vapip3p-y	AUX	Type=auxiliary|Aspect=progressive|VForm=indicative|Tense=present|Person=third|Number=plural|Negative=yes	Aspect=Prog|Mood=Ind|Tense=Pres|Person=3|Number=Plur|Polarity=Neg
Vapii-s-n	AUX	Type=auxiliary|Aspect=progressive|VForm=indicative|Tense=imperfect|Number=singular|Negative=no	Aspect=Prog|Mood=Ind|Tense=Imp|Number=Sing|Polarity=Pos
Vapii-s-y	AUX	Type=auxiliary|Aspect=progressive|VForm=indicative|Tense=imperfect|Number=singular|Negative=yes	Aspect=Prog|Mood=Ind|Tense=Imp|Number=Sing|Polarity=Neg
Vapii1s-n	AUX	Type=auxiliary|Aspect=progressive|VForm=indicative|Tense=imperfect|Person=first|Number=singular|Negative=no	Aspect=Prog|Mood=Ind|Tense=Imp|Person=1|Number=Sing|Polarity=Pos
Vapii1p-n	AUX	Type=auxiliary|Aspect=progressive|VForm=indicative|Tense=imperfect|Person=first|Number=plural|Negative=no	Aspect=Prog|Mood=Ind|Tense=Imp|Person=1|Number=Plur|Polarity=Pos
Vapii3p-n	AUX	Type=auxiliary|Aspect=progressive|VForm=indicative|Tense=imperfect|Person=third|Number=plural|Negative=no	Aspect=Prog|Mood=Ind|Tense=Imp|Person=3|Number=Plur|Polarity=Pos
Vapii3p-y	AUX	Type=auxiliary|Aspect=progressive|VForm=indicative|Tense=imperfect|Person=third|Number=plural|Negative=yes	Aspect=Prog|Mood=Ind|Tense=Imp|Person=3|Number=Plur|Polarity=Neg
Vapic-smn	AUX	Type=auxiliary|Aspect=progressive|VForm=indicative|Tense=compound|Number=singular|Gender=masculine|Negative=no	Aspect=Prog|Mood=Ind|Number=Sing|Gender=Masc|Polarity=Pos
Vapic-smy	AUX	Type=auxiliary|Aspect=progressive|VForm=indicative|Tense=compound|Number=singular|Gender=masculine|Negative=yes	Aspect=Prog|Mood=Ind|Number=Sing|Gender=Masc|Polarity=Neg
Vapic-sfn	AUX	Type=auxiliary|Aspect=progressive|VForm=indicative|Tense=compound|Number=singular|Gender=feminine|Negative=no	Aspect=Prog|Mood=Ind|Number=Sing|Gender=Fem|Polarity=Pos
Vapic-snn	AUX	Type=auxiliary|Aspect=progressive|VForm=indicative|Tense=compound|Number=singular|Gender=neuter|Negative=no	Aspect=Prog|Mood=Ind|Number=Sing|Gender=Neut|Polarity=Pos
Vapic-sny	AUX	Type=auxiliary|Aspect=progressive|VForm=indicative|Tense=compound|Number=singular|Gender=neuter|Negative=yes	Aspect=Prog|Mood=Ind|Number=Sing|Gender=Neut|Polarity=Neg
Vapic-p-y	AUX	Type=auxiliary|Aspect=progressive|VForm=indicative|Tense=compound|Number=plural|Negative=yes	Aspect=Prog|Mood=Ind|Number=Plur|Polarity=Neg
Vapic-pnn	AUX	Type=auxiliary|Aspect=progressive|VForm=indicative|Tense=compound|Number=plural|Gender=neuter|Negative=no	Aspect=Prog|Mood=Ind|Number=Plur|Gender=Neut|Polarity=Pos
Vaeip1p-n	AUX	Type=auxiliary|Aspect=perfective|VForm=indicative|Tense=present|Person=first|Number=plural|Negative=no	Aspect=Perf|Mood=Ind|Tense=Pres|Person=1|Number=Plur|Polarity=Pos
Vaeip3s-n	AUX	Type=auxiliary|Aspect=perfective|VForm=indicative|Tense=present|Person=third|Number=singular|Negative=no	Aspect=Perf|Mood=Ind|Tense=Pres|Person=3|Number=Sing|Polarity=Pos
Vaeip3p-n	AUX	Type=auxiliary|Aspect=perfective|VForm=indicative|Tense=present|Person=third|Number=plural|Negative=no	Aspect=Perf|Mood=Ind|Tense=Pres|Person=3|Number=Plur|Polarity=Pos
Vaeia2p-n	AUX	Type=auxiliary|Aspect=perfective|VForm=indicative|Tense=aorist|Person=second|Number=plural|Negative=no	Aspect=Perf|Mood=Ind|Tense=Past|Person=2|Number=Plur|Polarity=Pos
Vaemp2s-n	AUX	Type=auxiliary|Aspect=perfective|VForm=imperative|Tense=present|Person=second|Number=singular|Negative=no	Aspect=Perf|Mood=Imp|Tense=Pres|Person=2|Number=Sing|Polarity=Pos
Vaemp2p-n	AUX	Type=auxiliary|Aspect=perfective|VForm=imperative|Tense=present|Person=second|Number=plural|Negative=no	Aspect=Perf|Mood=Imp|Tense=Pres|Person=2|Number=Plur|Polarity=Pos
Vopip1s-n	VERB	Type=modal|Aspect=progressive|VForm=indicative|Tense=present|Person=first|Number=singular|Negative=no	Aspect=Prog|Mood=Ind|Tense=Pres|Person=1|Number=Sing|Polarity=Pos
Vopip1p-n	VERB	Type=modal|Aspect=progressive|VForm=indicative|Tense=present|Person=first|Number=plural|Negative=no	Aspect=Prog|Mood=Ind|Tense=Pres|Person=1|Number=Plur|Polarity=Pos
Vopip2s-n	VERB	Type=modal|Aspect=progressive|VForm=indicative|Tense=present|Person=second|Number=singular|Negative=no	Aspect=Prog|Mood=Ind|Tense=Pres|Person=2|Number=Sing|Polarity=Pos
Vopip2p-n	VERB	Type=modal|Aspect=progressive|VForm=indicative|Tense=present|Person=second|Number=plural|Negative=no	Aspect=Prog|Mood=Ind|Tense=Pres|Person=2|Number=Plur|Polarity=Pos
Vopip3s-n	VERB	Type=modal|Aspect=progressive|VForm=indicative|Tense=present|Person=third|Number=singular|Negative=no	Aspect=Prog|Mood=Ind|Tense=Pres|Person=3|Number=Sing|Polarity=Pos
Vopip3p-n	VERB	Type=modal|Aspect=progressive|VForm=indicative|Tense=present|Person=third|Number=plural|Negative=no	Aspect=Prog|Mood=Ind|Tense=Pres|Person=3|Number=Plur|Polarity=Pos
Vopii-s-n	VERB	Type=modal|Aspect=progressive|VForm=indicative|Tense=imperfect|Number=singular|Negative=no	Aspect=Prog|Mood=Ind|Tense=Imp|Number=Sing|Polarity=Pos
Vopii1s-n	VERB	Type=modal|Aspect=progressive|VForm=indicative|Tense=imperfect|Person=first|Number=singular|Negative=no	Aspect=Prog|Mood=Ind|Tense=Imp|Person=1|Number=Sing|Polarity=Pos
Vopii3p-n	VERB	Type=modal|Aspect=progressive|VForm=indicative|Tense=imperfect|Person=third|Number=plural|Negative=no	Aspect=Prog|Mood=Ind|Tense=Imp|Person=3|Number=Plur|Polarity=Pos
Vopic-smn	VERB	Type=modal|Aspect=progressive|VForm=indicative|Tense=compound|Number=singular|Gender=masculine|Negative=no	Aspect=Prog|Mood=Ind|Number=Sing|Gender=Masc|Polarity=Pos
Vopic-sfn	VERB	Type=modal|Aspect=progressive|VForm=indicative|Tense=compound|Number=singular|Gender=feminine|Negative=no	Aspect=Prog|Mood=Ind|Number=Sing|Gender=Fem|Polarity=Pos
Vopic-snn	VERB	Type=modal|Aspect=progressive|VForm=indicative|Tense=compound|Number=singular|Gender=neuter|Negative=no	Aspect=Prog|Mood=Ind|Number=Sing|Gender=Neut|Polarity=Pos
Vopic-p-n	VERB	Type=modal|Aspect=progressive|VForm=indicative|Tense=compound|Number=plural|Negative=no	Aspect=Prog|Mood=Ind|Number=Plur|Polarity=Pos
Afp-s-n	ADJ	Type=qualificative|Degree=positive|Number=singular|Definiteness=no	Degree=Pos|Number=Sing|Definite=Ind
Afp-p-n	ADJ	Type=qualificative|Degree=positive|Number=plural|Definiteness=no	Degree=Pos|Number=Plur|Definite=Ind
Afp-p-y	ADJ	Type=qualificative|Degree=positive|Number=plural|Definiteness=yes	Degree=Pos|Number=Plur|Definite=Def
Afpms-n	ADJ	Type=qualificative|Degree=positive|Gender=masculine|Number=singular|Definiteness=no	Degree=Pos|Gender=Masc|Number=Sing|Definite=Ind
Afpms-y	ADJ	Type=qualificative|Degree=positive|Gender=masculine|Number=singular|Definiteness=yes	Degree=Pos|Gender=Masc|Number=Sing|Definite=Def
Afpms-p	ADJ	Type=qualificative|Degree=positive|Gender=masculine|Number=singular|Definiteness=proximal	Degree=Pos|Gender=Masc|Number=Sing
Afpfs-n	ADJ	Type=qualificative|Degree=positive|Gender=feminine|Number=singular|Definiteness=no	Degree=Pos|Gender=Fem|Number=Sing|Definite=Ind
Afpfs-y	ADJ	Type=qualificative|Degree=positive|Gender=feminine|Number=singular|Definiteness=yes	Degree=Pos|Gender=Fem|Number=Sing|Definite=Def
Afpns-n	ADJ	Type=qualificative|Degree=positive|Gender=neuter|Number=singular|Definiteness=no	Degree=Pos|Gender=Neut|Number=Sing|Definite=Ind
Afpns-y	ADJ	Type=qualificative|Degree=positive|Gender=neuter|Number=singular|Definiteness=yes	Degree=Pos|Gender=Neut|Number=Sing|Definite=Def
Afpnp-n	ADJ	Type=qualificative|Degree=positive|Gender=neuter|Number=plural|Definiteness=no	Degree=Pos|Gender=Neut|Number=Plur|Definite=Ind
Afc-p-n	ADJ	Type=qualificative|Degree=comparative|Number=plural|Definiteness=no	Degree=Cmp|Number=Plur|Definite=Ind
Afc-p-y	ADJ	Type=qualificative|Degree=comparative|Number=plural|Definiteness=yes	Degree=Cmp|Number=Plur|Definite=Def
Afcms-n	ADJ	Type=qualificative|Degree=comparative|Gender=masculine|Number=singular|Definiteness=no	Degree=Cmp|Gender=Masc|Number=Sing|Definite=Ind
Afcms-y	ADJ	Type=qualificative|Degree=comparative|Gender=masculine|Number=singular|Definiteness=yes	Degree=Cmp|Gender=Masc|Number=Sing|Definite=Def
Afcfs-n	ADJ	Type=qualificative|Degree=comparative|Gender=feminine|Number=singular|Definiteness=no	Degree=Cmp|Gender=Fem|Number=Sing|Definite=Ind
Afcfs-y	ADJ	Type=qualificative|Degree=comparative|Gender=feminine|Number=singular|Definiteness=yes	Degree=Cmp|Gender=Fem|Number=Sing|Definite=Def
Afcns-n	ADJ	Type=qualificative|Degree=comparative|Gender=neuter|Number=singular|Definiteness=no	Degree=Cmp|Gender=Neut|Number=Sing|Definite=Ind
Afcns-y	ADJ	Type=qualificative|Degree=comparative|Gender=neuter|Number=singular|Definiteness=yes	Degree=Cmp|Gender=Neut|Number=Sing|Definite=Def
Afs-p-n	ADJ	Type=qualificative|Degree=superlative|Number=plural|Definiteness=no	Degree=Sup|Number=Plur|Definite=Ind
Afs-p-y	ADJ	Type=qualificative|Degree=superlative|Number=plural|Definiteness=yes	Degree=Sup|Number=Plur|Definite=Def
Afsms-n	ADJ	Type=qualificative|Degree=superlative|Gender=masculine|Number=singular|Definiteness=no	Degree=Sup|Gender=Masc|Number=Sing|Definite=Ind
Afsms-y	ADJ	Type=qualificative|Degree=superlative|Gender=masculine|Number=singular|Definiteness=yes	Degree=Sup|Gender=Masc|Number=Sing|Definite=Def
Afsmp-y	ADJ	Type=qualificative|Degree=superlative|Gender=masculine|Number=plural|Definiteness=yes	Degree=Sup|Gender=Masc|Number=Plur|Definite=Def
Afsfs-n	ADJ	Type=qualificative|Degree=superlative|Gender=feminine|Number=singular|Definiteness=no	Degree=Sup|Gender=Fem|Number=Sing|Definite=Ind
Afsfs-y	ADJ	Type=qualificative|Degree=superlative|Gender=feminine|Number=singular|Definiteness=yes	Degree=Sup|Gender=Fem|Number=Sing|Definite=Def
Afsns-n	ADJ	Type=qualificative|Degree=superlative|Gender=neuter|Number=singular|Definiteness=no	Degree=Sup|Gender=Neut|Number=Sing|Definite=Ind
Afsns-y	ADJ	Type=qualificative|Degree=superlative|Gender=neuter|Number=singular|Definiteness=yes	Degree=Sup|Gender=Neut|Number=Sing|Definite=Def
Ag----n	ADJ	Type=general|Definiteness=no	Definite=Ind
Ag--s-n	ADJ	Type=general|Number=singular|Definiteness=no	Number=Sing|Definite=Ind
Ag--p-n	ADJ	Type=general|Number=plural|Definiteness=no	Number=Plur|Definite=Ind
Ag--p-y	ADJ	Type=general|Number=plural|Definiteness=yes	Number=Plur|Definite=Def
Ag-ms-n	ADJ	Type=general|Gender=masculine|Number=singular|Definiteness=no	Gender=Masc|Number=Sing|Definite=Ind
Ag-ms-y	ADJ	Type=general|Gender=masculine|Number=singular|Definiteness=yes	Gender=Masc|Number=Sing|Definite=Def
Ag-fs-n	ADJ	Type=general|Gender=feminine|Number=singular|Definiteness=no	Gender=Fem|Number=Sing|Definite=Ind
Ag-fs-y	ADJ	Type=general|Gender=feminine|Number=singular|Definiteness=yes	Gender=Fem|Number=Sing|Definite=Def
Ag-fp-n	ADJ	Type=general|Gender=feminine|Number=plural|Definiteness=no	Gender=Fem|Number=Plur|Definite=Ind
Ag-ns-n	ADJ	Type=general|Gender=neuter|Number=singular|Definiteness=no	Gender=Neut|Number=Sing|Definite=Ind
Ag-ns-y	ADJ	Type=general|Gender=neuter|Number=singular|Definiteness=yes	Gender=Neut|Number=Sing|Definite=Def
Ag-np-n	ADJ	Type=general|Gender=neuter|Number=plural|Definiteness=no	Gender=Neut|Number=Plur|Definite=Ind
Agc-p-n	ADJ	Type=general|Degree=comparative|Number=plural|Definiteness=no	Degree=Cmp|Number=Plur|Definite=Ind
Agcms-n	ADJ	Type=general|Degree=comparative|Gender=masculine|Number=singular|Definiteness=no	Degree=Cmp|Gender=Masc|Number=Sing|Definite=Ind
Agcfs-n	ADJ	Type=general|Degree=comparative|Gender=feminine|Number=singular|Definiteness=no	Degree=Cmp|Gender=Fem|Number=Sing|Definite=Ind
Agcns-n	ADJ	Type=general|Degree=comparative|Gender=neuter|Number=singular|Definiteness=no	Degree=Cmp|Gender=Neut|Number=Sing|Definite=Ind
As--s-y	ADJ	Type=possessive|Number=singular|Definiteness=yes	Poss=Yes|Number=Sing|Definite=Def
As--p-n	ADJ	Type=possessive|Number=plural|Definiteness=no	Poss=Yes|Number=Plur|Definite=Ind
As--p-y	ADJ	Type=possessive|Number=plural|Definiteness=yes	Poss=Yes|Number=Plur|Definite=Def
As-ms-n	ADJ	Type=possessive|Gender=masculine|Number=singular|Definiteness=no	Poss=Yes|Gender=Masc|Number=Sing|Definite=Ind
As-ms-y	ADJ	Type=possessive|Gender=masculine|Number=singular|Definiteness=yes	Poss=Yes|Gender=Masc|Number=Sing|Definite=Def
As-mp-y	ADJ	Type=possessive|Gender=masculine|Number=plural|Definiteness=yes	Poss=Yes|Gender=Masc|Number=Plur|Definite=Def
As-fs-n	ADJ	Type=possessive|Gender=feminine|Number=singular|Definiteness=no	Poss=Yes|Gender=Fem|Number=Sing|Definite=Ind
As-fs-y	ADJ	Type=possessive|Gender=feminine|Number=singular|Definiteness=yes	Poss=Yes|Gender=Fem|Number=Sing|Definite=Def
As-ns-n	ADJ	Type=possessive|Gender=neuter|Number=singular|Definiteness=no	Poss=Yes|Gender=Neut|Number=Sing|Definite=Ind
As-ns-y	ADJ	Type=possessive|Gender=neuter|Number=singular|Definiteness=yes	Poss=Yes|Gender=Neut|Number=Sing|Definite=Def
Ao--p-n	ADJ	Type=ordinal|Number=plural|Definiteness=no	NumType=Ord|Number=Plur|Definite=Ind
Ao--p-y	ADJ	Type=ordinal|Number=plural|Definiteness=yes	NumType=Ord|Number=Plur|Definite=Def
Ao-ms-n	ADJ	Type=ordinal|Gender=masculine|Number=singular|Definiteness=no	NumType=Ord|Gender=Masc|Number=Sing|Definite=Ind
Ao-ms-y	ADJ	Type=ordinal|Gender=masculine|Number=singular|Definiteness=yes	NumType=Ord|Gender=Masc|Number=Sing|Definite=Def
Ao-mp-n	ADJ	Type=ordinal|Gender=masculine|Number=plural|Definiteness=no	NumType=Ord|Gender=Masc|Number=Plur|Definite=Ind
Ao-mp-y	ADJ	Type=ordinal|Gender=masculine|Number=plural|Definiteness=yes	NumType=Ord|Gender=Masc|Number=Plur|Definite=Def
Ao-fs-n	ADJ	Type=ordinal|Gender=feminine|Number=singular|Definiteness=no	NumType=Ord|Gender=Fem|Number=Sing|Definite=Ind
Ao-fs-y	ADJ	Type=ordinal|Gender=feminine|Number=singular|Definiteness=yes	NumType=Ord|Gender=Fem|Number=Sing|Definite=Def
Ao-ns-n	ADJ	Type=ordinal|Gender=neuter|Number=singular|Definiteness=no	NumType=Ord|Gender=Neut|Number=Sing|Definite=Ind
Ao-ns-y	ADJ	Type=ordinal|Gender=neuter|Number=singular|Definiteness=yes	NumType=Ord|Gender=Neut|Number=Sing|Definite=Def
Ap--p-n	ADJ	Type=participle|Number=plural|Definiteness=no	VerbForm=Part|Number=Plur|Definite=Ind
Ap--p-y	ADJ	Type=participle|Number=plural|Definiteness=yes	VerbForm=Part|Number=Plur|Definite=Def
Ap-ms-n	ADJ	Type=participle|Gender=masculine|Number=singular|Definiteness=no	VerbForm=Part|Gender=Masc|Number=Sing|Definite=Ind
Ap-ms-y	ADJ	Type=participle|Gender=masculine|Number=singular|Definiteness=yes	VerbForm=Part|Gender=Masc|Number=Sing|Definite=Def
Ap-fs-n	ADJ	Type=participle|Gender=feminine|Number=singular|Definiteness=no	VerbForm=Part|Gender=Fem|Number=Sing|Definite=Ind
Ap-fs-y	ADJ	Type=participle|Gender=feminine|Number=singular|Definiteness=yes	VerbForm=Part|Gender=Fem|Number=Sing|Definite=Def
Ap-ns-n	ADJ	Type=participle|Gender=neuter|Number=singular|Definiteness=no	VerbForm=Part|Gender=Neut|Number=Sing|Definite=Ind
Ap-ns-y	ADJ	Type=participle|Gender=neuter|Number=singular|Definiteness=yes	VerbForm=Part|Gender=Neut|Number=Sing|Definite=Def
Appfs-n	ADJ	Type=participle|Degree=positive|Gender=feminine|Number=singular|Definiteness=no	VerbForm=Part|Degree=Pos|Gender=Fem|Number=Sing|Definite=Ind
Apc-p-n	ADJ	Type=participle|Degree=comparative|Number=plural|Definiteness=no	VerbForm=Part|Degree=Cmp|Number=Plur|Definite=Ind
Apcms-n	ADJ	Type=participle|Degree=comparative|Gender=masculine|Number=singular|Definiteness=no	VerbForm=Part|Degree=Cmp|Gender=Masc|Number=Sing|Definite=Ind
Apcfs-y	ADJ	Type=participle|Degree=comparative|Gender=feminine|Number=singular|Definiteness=yes	VerbForm=Part|Degree=Cmp|Gender=Fem|Number=Sing|Definite=Def
Apcns-n	ADJ	Type=participle|Degree=comparative|Gender=neuter|Number=singular|Definiteness=no	VerbForm=Part|Degree=Cmp|Gender=Neut|Number=Sing|Definite=Ind
Pp1-snn	PRON	Type=personal|Person=first|Number=singular|Case=nominative|Clitic=no	PronType=Prs|Person=1|Number=Sing|Case=Nom
Pp1-sdnn	PRON	Type=personal|Person=first|Number=singular|Case=dative|Clitic=no|Definiteness=no	PronType=Prs|Person=1|Number=Sing|Case=Dat|Definite=Ind
Pp1-sdyn	PRON	Type=personal|Person=first|Number=singular|Case=dative|Clitic=yes|Definiteness=no	PronType=Prs|Person=1|Number=Sing|Case=Dat|Definite=Ind
Pp1-sann	PRON	Type=personal|Person=first|Number=singular|Case=accusative|Clitic=no|Definiteness=no	PronType=Prs|Person=1|Number=Sing|Case=Acc|Definite=Ind
Pp1-sayn	PRON	Type=personal|Person=first|Number=singular|Case=accusative|Clitic=yes|Definiteness=no	PronType=Prs|Person=1|Number=Sing|Case=Acc|Definite=Ind
Pp1-pnn	PRON	Type=personal|Person=first|Number=plural|Case=nominative|Clitic=no	PronType=Prs|Person=1|Number=Plur|Case=Nom
Pp1-pdy	PRON	Type=personal|Person=first|Number=plural|Case=dative|Clitic=yes	PronType=Prs|Person=1|Number=Plur|Case=Dat
Pp1-pan	PRON	Type=personal|Person=first|Number=plural|Case=accusative|Clitic=no	PronType=Prs|Person=1|Number=Plur|Case=Acc
Pp1-pay	PRON	Type=personal|Person=first|Number=plural|Case=accusative|Clitic=yes	PronType=Prs|Person=1|Number=Plur|Case=Acc
Pp2-snn	PRON	Type=personal|Person=second|Number=singular|Case=nominative|Clitic=no	PronType=Prs|Person=2|Number=Sing|Case=Nom
Pp2-sdn	PRON	Type=personal|Person=second|Number=singular|Case=dative|Clitic=no	PronType=Prs|Person=2|Number=Sing|Case=Dat
Pp2-sdy	PRON	Type=personal|Person=second|Number=singular|Case=dative|Clitic=yes	PronType=Prs|Person=2|Number=Sing|Case=Dat
Pp2-san	PRON	Type=personal|Person=second|Number=singular|Case=accusative|Clitic=no	PronType=Prs|Person=2|Number=Sing|Case=Acc
Pp2-say	PRON	Type=personal|Person=second|Number=singular|Case=accusative|Clitic=yes	PronType=Prs|Person=2|Number=Sing|Case=Acc
Pp2-pnyn	PRON	Type=personal|Person=second|Number=plural|Case=nominative|Clitic=yes|Definiteness=no	PronType=Prs|Person=2|Number=Plur|Case=Nom|Definite=Ind
Pp2-pdnn	PRON	Type=personal|Person=second|Number=plural|Case=dative|Clitic=no|Definiteness=no	PronType=Prs|Person=2|Number=Plur|Case=Dat|Definite=Ind
Pp2-pdyn	PRON	Type=personal|Person=second|Number=plural|Case=dative|Clitic=yes|Definiteness=no	PronType=Prs|Person=2|Number=Plur|Case=Dat|Definite=Ind
Pp2-pann	PRON	Type=personal|Person=second|Number=plural|Case=accusative|Clitic=no|Definiteness=no	PronType=Prs|Person=2|Number=Plur|Case=Acc|Definite=Ind
Pp2-payn	PRON	Type=personal|Person=second|Number=plural|Case=accusative|Clitic=yes|Definiteness=no	PronType=Prs|Person=2|Number=Plur|Case=Acc|Definite=Ind
Pp3-snn	PRON	Type=personal|Person=third|Number=singular|Case=nominative|Clitic=no	PronType=Prs|Person=3|Number=Sing|Case=Nom
Pp3-pnn	PRON	Type=personal|Person=third|Number=plural|Case=nominative|Clitic=no	PronType=Prs|Person=3|Number=Plur|Case=Nom
Pp3-pdn	PRON	Type=personal|Person=third|Number=plural|Case=dative|Clitic=no	PronType=Prs|Person=3|Number=Plur|Case=Dat
Pp3-pay	PRON	Type=personal|Person=third|Number=plural|Case=accusative|Clitic=yes	PronType=Prs|Person=3|Number=Plur|Case=Acc
Pp3msnn	PRON	Type=personal|Person=third|Gender=masculine|Number=singular|Case=nominative|Clitic=no	PronType=Prs|Person=3|Gender=Masc|Number=Sing|Case=Nom
Pp3msdn	PRON	Type=personal|Person=third|Gender=masculine|Number=singular|Case=dative|Clitic=no	PronType=Prs|Person=3|Gender=Masc|Number=Sing|Case=Dat
Pp3msdy	PRON	Type=personal|Person=third|Gender=masculine|Number=singular|Case=dative|Clitic=yes	PronType=Prs|Person=3|Gender=Masc|Number=Sing|Case=Dat
Pp3msay	PRON	Type=personal|Person=third|Gender=masculine|Number=singular|Case=accusative|Clitic=yes	PronType=Prs|Person=3|Gender=Masc|Number=Sing|Case=Acc
Pp3mpay	PRON	Type=personal|Person=third|Gender=masculine|Number=plural|Case=accusative|Clitic=yes	PronType=Prs|Person=3|Gender=Masc|Number=Plur|Case=Acc
Pp3fsdn	PRON	Type=personal|Person=third|Gender=feminine|Number=singular|Case=dative|Clitic=no	PronType=Prs|Person=3|Gender=Fem|Number=Sing|Case=Dat
Pp3fsdy	PRON	Type=personal|Person=third|Gender=feminine|Number=singular|Case=dative|Clitic=yes	PronType=Prs|Person=3|Gender=Fem|Number=Sing|Case=Dat
Pp3fsan	PRON	Type=personal|Person=third|Gender=feminine|Number=singular|Case=accusative|Clitic=no	PronType=Prs|Person=3|Gender=Fem|Number=Sing|Case=Acc
Pp3fsay	PRON	Type=personal|Person=third|Gender=feminine|Number=singular|Case=accusative|Clitic=yes	PronType=Prs|Person=3|Gender=Fem|Number=Sing|Case=Acc
Pd--p	PRON	Type=demonstrative|Number=plural	PronType=Dem|Number=Plur
Pd-ms	PRON	Type=demonstrative|Gender=masculine|Number=singular	PronType=Dem|Gender=Masc|Number=Sing
Pd-fs	PRON	Type=demonstrative|Gender=feminine|Number=singular	PronType=Dem|Gender=Fem|Number=Sing
Pd-ns	PRON	Type=demonstrative|Gender=neuter|Number=singular	PronType=Dem|Gender=Neut|Number=Sing
Pi----n	PRON	Type=indefinite|Clitic=no	PronType=Ind
Pi----ny	PRON	Type=indefinite|Clitic=no|Definiteness=yes	PronType=Ind|Definite=Def
Pi--s-n	PRON	Type=indefinite|Number=singular|Clitic=no	PronType=Ind|Number=Sing
Pi--p-nn	PRON	Type=indefinite|Number=plural|Clitic=no|Definiteness=no	PronType=Ind|Number=Plur|Definite=Ind
Pi--pnn	PRON	Type=indefinite|Number=plural|Case=nominative|Clitic=no	PronType=Ind|Number=Plur|Case=Nom
Pi-ms-n	PRON	Type=indefinite|Gender=masculine|Number=singular|Clitic=no	PronType=Ind|Gender=Masc|Number=Sing
Pi-ms-nn	PRON	Type=indefinite|Gender=masculine|Number=singular|Clitic=no|Definiteness=no	PronType=Ind|Gender=Masc|Number=Sing|Definite=Ind
Pi-ms-np	PRON	Type=indefinite|Gender=masculine|Number=singular|Clitic=no|Definiteness=proximal	PronType=Ind|Gender=Masc|Number=Sing
Pi-msnn	PRON	Type=indefinite|Gender=masculine|Number=singular|Case=nominative|Clitic=no	PronType=Ind|Gender=Masc|Number=Sing|Case=Nom
Pi-msdn	PRON	Type=indefinite|Gender=masculine|Number=singular|Case=dative|Clitic=no	PronType=Ind|Gender=Masc|Number=Sing|Case=Dat
Pi-msan	PRON	Type=indefinite|Gender=masculine|Number=singular|Case=accusative|Clitic=no	PronType=Ind|Gender=Masc|Number=Sing|Case=Acc
Pi-fs-n	PRON	Type=indefinite|Gender=feminine|Number=singular|Clitic=no	PronType=Ind|Gender=Fem|Number=Sing
Pi-fs-nn	PRON	Type=indefinite|Gender=feminine|Number=singular|Clitic=no|Definiteness=no	PronType=Ind|Gender=Fem|Number=Sing|Definite=Ind
Pi-fsnn	PRON	Type=indefinite|Gender=feminine|Number=singular|Case=nominative|Clitic=no	PronType=Ind|Gender=Fem|Number=Sing|Case=Nom
Pi-ns-n	PRON	Type=indefinite|Gender=neuter|Number=singular|Clitic=no	PronType=Ind|Gender=Neut|Number=Sing
Pi-ns-ny	PRON	Type=indefinite|Gender=neuter|Number=singular|Clitic=no|Definiteness=yes	PronType=Ind|Gender=Neut|Number=Sing|Definite=Def
Pi-nsnn	PRON	Type=indefinite|Gender=neuter|Number=singular|Case=nominative|Clitic=no	PronType=Ind|Gender=Neut|Number=Sing|Case=Nom
Pi-npnn	PRON	Type=indefinite|Gender=neuter|Number=plural|Case=nominative|Clitic=no	PronType=Ind|Gender=Neut|Number=Plur|Case=Nom
Pq--pnn	PRON	Type=interrogative|Number=plural|Case=nominative|Clitic=no	PronType=Int|Number=Plur|Case=Nom
Pq-msnn	PRON	Type=interrogative|Gender=masculine|Number=singular|Case=nominative|Clitic=no	PronType=Int|Gender=Masc|Number=Sing|Case=Nom
Pq-fsnn	PRON	Type=interrogative|Gender=feminine|Number=singular|Case=nominative|Clitic=no	PronType=Int|Gender=Fem|Number=Sing|Case=Nom
Pq-nsnn	PRON	Type=interrogative|Gender=neuter|Number=singular|Case=nominative|Clitic=no	PronType=Int|Gender=Neut|Number=Sing|Case=Nom
Pr----n	PRON	Type=relative|Clitic=no	PronType=Rel
Pr--p--n	PRON	Type=relative|Number=plural|Definiteness=no	PronType=Rel|Number=Plur|Definite=Ind
Pr--p--y	PRON	Type=relative|Number=plural|Definiteness=yes	PronType=Rel|Number=Plur|Definite=Def
Pr--p-nn	PRON	Type=relative|Number=plural|Clitic=no|Definiteness=no	PronType=Rel|Number=Plur|Definite=Ind
Pr--pnn	PRON	Type=relative|Number=plural|Case=nominative|Clitic=no	PronType=Rel|Number=Plur|Case=Nom
Pr-ms--n	PRON	Type=relative|Gender=masculine|Number=singular|Definiteness=no	PronType=Rel|Gender=Masc|Number=Sing|Definite=Ind
Pr-ms-n	PRON	Type=relative|Gender=masculine|Number=singular|Clitic=no	PronType=Rel|Gender=Masc|Number=Sing
Pr-ms-nn	PRON	Type=relative|Gender=masculine|Number=singular|Clitic=no|Definiteness=no	PronType=Rel|Gender=Masc|Number=Sing|Definite=Ind
Pr-msdn	PRON	Type=relative|Gender=masculine|Number=singular|Case=dative|Clitic=no	PronType=Rel|Gender=Masc|Number=Sing|Case=Dat
Pr-msan	PRON	Type=relative|Gender=masculine|Number=singular|Case=accusative|Clitic=no	PronType=Rel|Gender=Masc|Number=Sing|Case=Acc
Pr-fs--n	PRON	Type=relative|Gender=feminine|Number=singular|Definiteness=no	PronType=Rel|Gender=Fem|Number=Sing|Definite=Ind
Pr-fs--y	PRON	Type=relative|Gender=feminine|Number=singular|Definiteness=yes	PronType=Rel|Gender=Fem|Number=Sing|Definite=Def
Pr-fs-n	PRON	Type=relative|Gender=feminine|Number=singular|Clitic=no	PronType=Rel|Gender=Fem|Number=Sing
Pr-fsdn	PRON	Type=relative|Gender=feminine|Number=singular|Case=dative|Clitic=no	PronType=Rel|Gender=Fem|Number=Sing|Case=Dat
Pr-ns--n	PRON	Type=relative|Gender=neuter|Number=singular|Definiteness=no	PronType=Rel|Gender=Neut|Number=Sing|Definite=Ind
Pr-ns--y	PRON	Type=relative|Gender=neuter|Number=singular|Definiteness=yes	PronType=Rel|Gender=Neut|Number=Sing|Definite=Def
Pr-ns-nn	PRON	Type=relative|Gender=neuter|Number=singular|Clitic=no|Definiteness=no	PronType=Rel|Gender=Neut|Number=Sing|Definite=Ind
Px	PRON	Type=reflexive	Reflex=Yes
Px---nn	PRON	Type=reflexive|Case=nominative|Clitic=no	Reflex=Yes|Case=Nom
Px---dn	PRON	Type=reflexive|Case=dative|Clitic=no	Reflex=Yes|Case=Dat
Px---dy	PRON	Type=reflexive|Case=dative|Clitic=yes	Reflex=Yes|Case=Dat
Px---ay	PRON	Type=reflexive|Case=accusative|Clitic=yes	Reflex=Yes|Case=Acc
Px--p-nn	PRON	Type=reflexive|Number=plural|Clitic=no|Definiteness=no	Reflex=Yes|Number=Plur|Definite=Ind
Px--p-ny	PRON	Type=reflexive|Number=plural|Clitic=no|Definiteness=yes	Reflex=Yes|Number=Plur|Definite=Def
Px-ms--n	PRON	Type=reflexive|Gender=masculine|Number=singular|Definiteness=no	Reflex=Yes|Gender=Masc|Number=Sing|Definite=Ind
Px-ms-ny	PRON	Type=reflexive|Gender=masculine|Number=singular|Clitic=no|Definiteness=yes	Reflex=Yes|Gender=Masc|Number=Sing|Definite=Def
Px-fs--n	PRON	Type=reflexive|Gender=feminine|Number=singular|Definiteness=no	Reflex=Yes|Gender=Fem|Number=Sing|Definite=Ind
Px-fs-ny	PRON	Type=reflexive|Gender=feminine|Number=singular|Clitic=no|Definiteness=yes	Reflex=Yes|Gender=Fem|Number=Sing|Definite=Def
Px-ns-nn	PRON	Type=reflexive|Gender=neuter|Number=singular|Clitic=no|Definiteness=no	Reflex=Yes|Gender=Neut|Number=Sing|Definite=Ind
Px-ns-ny	PRON	Type=reflexive|Gender=neuter|Number=singular|Clitic=no|Definiteness=yes	Reflex=Yes|Gender=Neut|Number=Sing|Definite=Def
Pz----nn	PRON	Type=negative|Clitic=no|Definiteness=no	PronType=Neg|Definite=Ind
Pz-ms-n	PRON	Type=negative|Gender=masculine|Number=singular|Clitic=no	PronType=Neg|Gender=Masc|Number=Sing
Pg---n	PRON	Type=general|Case=nominative	Case=Nom
Pg---nn	PRON	Type=general|Case=nominative|Clitic=no	Case=Nom
Rg	ADV	Type=general	_
Rgp	ADV	Type=general|Degree=positive	Degree=Pos
Rgc	ADV	Type=general|Degree=comparative	Degree=Cmp
Rgs	ADV	Type=general|Degree=superlative	Degree=Sup
Rap	ADV	Type=adjectival|Degree=positive	Degree=Pos
Rac	ADV	Type=adjectival|Degree=comparative	Degree=Cmp
Rv	ADV	Type=verbal	VerbForm=Conv
Rdp	ADV	Type=modal|Degree=positive	AdvType=Mod|Degree=Pos
Rdc	ADV	Type=modal|Degree=comparative	AdvType=Mod|Degree=Cmp
Rds	ADV	Type=modal|Degree=superlative	AdvType=Mod|Degree=Sup
Sps	ADP	Type=preposition|Formation=simple	AdpType=Prep
Spc	ADP	Type=preposition|Formation=compound	AdpType=Prep
C-s	SCONJ	Formation=simple	_
Ccs	CCONJ	Type=coordinating|Formation=simple	_
Ccc	CCONJ	Type=coordinating|Formation=compound	_
Css	SCONJ	Type=subordinating|Formation=simple	_
Csc	SCONJ	Type=subordinating|Formation=compound	_
Mdc	NUM	Form=digit|Type=cardinal	NumType=Card|NumForm=Digit
Mdsfn	NUM	Form=digit|Type=special|Gender=feminine|Definiteness=no	NumType=Mult|NumForm=Digit|Gender=Fem|Definite=Ind
Mdsfy	NUM	Form=digit|Type=special|Gender=feminine|Definiteness=yes	NumType=Mult|NumForm=Digit|Gender=Fem|Definite=Def
Mrc	NUM	Form=roman|Type=cardinal	NumType=Card|NumForm=Roman
Mlc	NUM	Form=letter|Type=cardinal	NumType=Card|NumForm=Word
Mlcmn	NUM	Form=letter|Type=cardinal|Gender=masculine|Definiteness=no	NumType=Card|NumForm=Word|Gender=Masc|Definite=Ind
Mlp-n	NUM	Form=letter|Type=pronominal|Definiteness=no	NumForm=Word|Definite=Ind
Mlp-y	NUM	Form=letter|Type=pronominal|Definiteness=yes	NumForm=Word|Definite=Def
Mlpmn	NUM	Form=letter|Type=pronominal|Gender=masculine|Definiteness=no	NumForm=Word|Gender=Masc|Definite=Ind
Mlpmy	NUM	Form=letter|Type=pronominal|Gender=masculine|Definiteness=yes	NumForm=Word|Gender=Masc|Definite=Def
Mlpfn	NUM	Form=letter|Type=pronominal|Gender=feminine|Definiteness=no	NumForm=Word|Gender=Fem|Definite=Ind
Mlpfy	NUM	Form=letter|Type=pronominal|Gender=feminine|Definiteness=yes	NumForm=Word|Gender=Fem|Definite=Def
Mlpnn	NUM	Form=letter|Type=pronominal|Gender=neuter|Definiteness=no	NumForm=Word|Gender=Neut|Definite=Ind
Mls	NUM	Form=letter|Type=special	NumType=Mult|NumForm=Word
Mls-n	NUM	Form=letter|Type=special|Definiteness=no	NumType=Mult|NumForm=Word|Definite=Ind
Mlsnn	NUM	Form=letter|Type=special|Gender=neuter|Definiteness=no	NumType=Mult|NumForm=Word|Gender=Neut|Definite=Ind
Q-s	PART	Formation=simple	_
Q-c	PART	Formation=compound	_
I	INTJ	_	_
Y	_	_	_
X	_	_	_
Xf	_	Type=foreign	Foreign=Yes
Z	PUNCT	_	_
